id;title;description;ip_address;user_id
1;Computer encompassing Tugrik;Cambridgeshire Benin users;Plastic Dakota;1
2;connecting architecture;Gambia;Home back-end;2
3;Berkshire Steel;Soft;Berkshire channels definition;1
4;invoice Concrete;gold 24/365 XML;Intelligent Refined;2
5;dynamic infomediaries yellow;Infrastructure;Regional architecture;1
6;invoice Markets Illinois;Dakota;fuchsia;1
7;applications Rubber;Wooden Pataca Intelligent;circuit;1
8;Nevada;Administrator Island Concrete;Pants transmitting Rubber;1
9;methodology Chips;channels Harbor;Orchestrator;2
10;Circles;exploit back;upward-trending grow Mongolia;2
